{
    "params": {
        "cb": 3.0,
        "rb": [
            [
                2.0,
                2.0
            ],
            [
                2.0,
                2.0
            ]
        ],
        "kc": [
            [
                0.15,
                0.15
            ],
            [
                0.15,
                150.0
            ]
        ],
        "kr": [
            [
                50.0,
                10.0
            ],
            [
                50.0,
                50.0
            ]
        ],
        "kd": 0.0,
        "kg": 150.0,
        "scaling": "linear",
        "exp_rate": 0.2,
        "speed": 0.05,
        "stability_factor": 0.0,
        "perim_coord": false,
        "rgf": true
    },
    "agents": {
        "coords": [
            [
                4.257211834,
                13.768180086,
                7.986610481,
                -16.607956475,
                -10.730802137,
                -3.41903067,
                16.012155288,
                -10.1640492,
                18.879836562,
                -9.897537211,
                -18.376378375,
                10.66974867,
                -2.964286727,
                8.867444892,
                -10.127677472,
                -1.790751041,
                -13.715373658,
                14.543928246,
                -10.682533204,
                -1.074592441,
                -3.800409744,
                8.218252369,
                10.775229553,
                -14.402914295,
                -2.620214156,
                -7.892158496,
                11.937965788,
                11.966835194,
                -0.215745051,
                1.294636029,
                12.114652882,
                1.473951027,
                13.482450855,
                -13.396810082,
                6.889977525,
                -1.40695869,
                4.345425791,
                9.875347189,
                -4.548620713,
                -0.67794136,
                14.613926814,
                14.032976024,
                -13.25145101,
                9.368001466,
                4.997780582,
                3.103646083,
                1.467767323,
                -4.266905762,
                -8.184437781,
                12.019469192,
                10.645521044,
                -5.431095793,
                6.110322393,
                -19.680993669,
                8.984027556,
                0.239093274,
                3.18699219,
                -12.010729841,
                8.140374813,
                18.075514716,
                4.621253867,
                8.733636125,
                -16.326746582,
                5.015259045,
                -17.167589105,
                10.292005412,
                18.720129318,
                15.345847516,
                13.701007658,
                15.345736573,
                -2.982835802,
                -11.048740922,
                11.234875678,
                8.851495805,
                -5.564767327,
                -8.625332259,
                -16.197583485,
                -8.400180887,
                -8.536615152,
                11.12971249,
                10.138524313,
                8.017768262,
                10.033078372,
                -4.599678181,
                3.192018477,
                -5.521073772,
                -13.794386268,
                -2.429806648,
                2.002733739,
                -10.367749519,
                3.041790179,
                16.760946149,
                13.820362541,
                -7.847385442,
                14.347237362,
                4.855366175,
                13.671801127,
                12.673969249,
                10.076099517,
                -15.676079954,
                15.784020871,
                -11.072539519,
                8.711811572,
                -14.283705073,
                -9.169680092,
                10.593438572,
                -12.258985298,
                15.442627258,
                17.182623848,
                7.456351738,
                -19.477983631,
                -9.455545614,
                17.254492784,
                5.104374792,
                1.815208687,
                4.287048837,
                -9.473091635,
                11.891899415,
                -11.960028549,
                10.003743834,
                16.989791855,
                -1.789487179,
                -18.060732828,
                15.835136853,
                -6.632764935,
                1.902473666,
                -15.444727536,
                -13.0102012,
                -12.359564751,
                12.109423376,
                -17.295599684,
                11.204442601,
                -7.560698054,
                0.065392476,
                17.031417744,
                7.194819555,
                7.416106851,
                15.501353505,
                -6.701443415,
                13.288540817,
                7.715286148,
                -14.680809387,
                -5.825812285,
                -0.476330705,
                -4.237582008,
                6.411525525,
                14.196549968,
                -2.604752734,
                -15.892858182,
                15.488958312,
                -0.294030026,
                -7.004788869,
                13.21034409,
                -16.280871158,
                -8.69342883,
                -7.812873077,
                0.594532811,
                -18.177558243,
                -6.999901791,
                1.317261049,
                17.660024079,
                0.592271811,
                -1.078951434,
                -5.100537428,
                -7.708563396,
                -5.378422816,
                0.863975348,
                -8.678326107,
                -7.485608148,
                8.519672585,
                8.654311612,
                -17.540889421,
                -14.643324838,
                10.199181146,
                12.198549196,
                11.355887147,
                -14.803324927,
                6.885642492,
                2.658737334,
                1.657397068,
                16.264557723,
                5.817661849,
                -5.76267516,
                3.520089822,
                10.000109495,
                -13.124654971,
                -14.067655001,
                -15.25428457,
                -10.953326464,
                -7.03017398,
                -7.415007148,
                18.44057063,
                16.900845308,
                2.932011439,
                9.962934979,
                -9.01710664,
                -13.623204878,
                -2.304872821,
                2.725219909,
                -2.514175774,
                12.039399549,
                8.429762845,
                -13.490508414,
                -1.005325609,
                16.156373426,
                -10.821327901,
                -15.627350806,
                16.639160465,
                -15.997441404,
                -17.044470232,
                0.424477681,
                -16.036870608,
                -7.232167586,
                -19.120947544,
                5.504328574,
                4.71688841,
                -3.535702033,
                -8.922368375,
                7.618421671,
                2.790456701,
                8.746384622,
                18.996382038,
                -9.479033596,
                -7.070556063,
                -0.440496527,
                -6.989529156,
                -9.060526724,
                6.770732377,
                -2.207688165,
                6.632703817,
                -5.120500101,
                3.84315693,
                11.871668151,
                10.316725319,
                6.792508617,
                -13.874460147,
                5.276344082,
                -6.203860783,
                -1.463846833,
                -12.476650277,
                -9.180051207,
                -3.022278381,
                0.912741578,
                4.674771817,
                5.118730986,
                -6.543129389,
                10.176524771,
                18.904491717,
                3.870873371,
                -9.954258272,
                -0.725184627,
                13.081521423,
                17.104182369,
                12.525782038,
                18.523886345,
                6.201742695,
                13.811504477,
                18.840426394,
                -11.771602419,
                -14.041659463,
                -12.680093256,
                -4.99388686,
                -20.224289233,
                -11.145734803,
                -9.779861971,
                -2.687424426,
                -18.920860886,
                -2.236678599,
                5.465063071,
                -6.262397963,
                -5.017382843,
                15.125193763,
                15.513756469,
                6.49643632,
                -5.001711171,
                -13.393692147,
                -18.320568978,
                0.156968102,
                13.837947841,
                -9.598878893,
                -14.844043865,
                -12.524338568,
                -6.520631567,
                5.88679966,
                -10.379620301,
                -1.421651842,
                -8.271611631,
                6.676425516,
                2.178696285,
                12.320804338,
                13.707048272,
                -0.219955242,
                -6.59249856,
                8.467938826,
                -18.097811421,
                -3.827789511,
                -1.883441518,
                2.318875652,
                -19.145054971,
                -4.22807397,
                -13.324465574,
                -9.377563883,
                -12.107393704,
                15.358548408,
                0.633398691,
                -19.905911859,
                10.946257503,
                17.208080765,
                -19.65026566,
                -16.660274266,
                -3.430238638,
                -8.145265459,
                -15.711765749,
                -19.275583287,
                -11.59123251,
                17.706697329,
                6.695056436,
                10.165868017,
                -6.260817,
                7.84605534,
                8.784042529,
                13.878285755,
                -17.71821672,
                -4.356716439,
                -17.320329583,
                -15.473544326,
                2.304079207,
                -17.849496141,
                -5.763190691,
                6.635555009,
                4.091768274,
                -3.822452626,
                13.327341483,
                -1.571964499,
                -10.995713204,
                6.678693563,
                -4.648263679,
                11.637165597,
                -3.457355597,
                -11.451431802,
                3.406806387,
                0.96965396,
                -11.9787725,
                -17.787016027,
                -12.827314556,
                16.929400947,
                -5.808306547,
                -3.076249316,
                5.587212433,
                14.750682549,
                -0.589260894,
                -8.344999939,
                -0.97405648,
                -11.589045949,
                15.310874889,
                -16.834180366,
                -10.521178055,
                -14.762191024,
                1.031716478,
                -11.83521229,
                -11.125401642,
                -5.327119316,
                17.205145518,
                12.646478849,
                -7.482464305,
                -4.681339044,
                -6.299616863,
                1.826398173,
                18.713106196,
                18.56138817
            ],
            [
                5.974117872,
                -2.905307516,
                18.961095636,
                1.868010625,
                5.974377492,
                -16.366649911,
                14.422812538,
                2.675992511,
                0.095919974,
                16.312347841,
                1.043916178,
                13.742791883,
                -11.024376086,
                12.108395586,
                -9.710599196,
                17.174102745,
                12.331995753,
                -12.113799965,
                14.427825614,
                -10.876406216,
                -12.863599681,
                2.952611752,
                -12.233488157,
                -6.998466536,
                15.391547394,
                7.978541496,
                -8.429347713,
                15.273318303,
                -17.769056637,
                7.335831691,
                -14.788410572,
                4.058818412,
                -7.048071858,
                -15.04439391,
                -7.087004285,
                13.755339532,
                -17.386271438,
                10.333858442,
                -5.872669008,
                -14.304137391,
                12.960165153,
                14.892352784,
                9.06406365,
                -10.904126148,
                -7.359750185,
                10.971319825,
                15.860741878,
                -18.139577473,
                2.972455129,
                -1.925074509,
                -6.94449462,
                13.311607422,
                6.189863812,
                8.553620732,
                4.918577507,
                17.4018834,
                -13.819364456,
                -10.150291764,
                -8.68270511,
                6.581726399,
                17.726961936,
                17.086546205,
                -8.090740234,
                -19.326148087,
                -2.6381706,
                -16.129945675,
                -8.140485317,
                -7.930764138,
                2.791766336,
                -10.304870948,
                18.826527507,
                -7.908656605,
                1.644402616,
                -6.881122351,
                -4.140704513,
                -15.079305197,
                -6.038735434,
                -2.424403894,
                -6.069254528,
                11.770290667,
                -5.100059708,
                6.629610466,
                15.577246494,
                15.177923968,
                7.591370327,
                4.891383453,
                -11.068508331,
                3.655509369,
                -12.255715132,
                -2.546823619,
                -7.533376581,
                12.512725525,
                -0.940887787,
                16.543584599,
                7.843201289,
                11.897699897,
                -4.820584714,
                13.390154352,
                3.223118859,
                -4.13848747,
                -15.226579064,
                -11.910528177,
                14.066192995,
                7.319120988,
                9.503919481,
                8.503640193,
                -2.62906466,
                2.025247505,
                -2.99236135,
                15.666622284,
                -5.305040007,
                4.43550583,
                -0.985393227,
                -13.419183875,
                12.492218029,
                -9.135791192,
                12.866711811,
                10.08624611,
                16.038635966,
                -8.811928743,
                3.272122587,
                -12.669589629,
                3.215972317,
                9.206488531,
                14.885267805,
                -5.980192528,
                -13.752193934,
                -8.42124595,
                10.795528542,
                -17.11853928,
                9.949018422,
                -10.322005501,
                -4.185895328,
                -12.519452277,
                -7.012898704,
                4.561478317,
                -10.462912454,
                0.052566378,
                6.497743203,
                16.718425501,
                -5.286514361,
                5.391438924,
                8.15454917,
                -5.854172799,
                11.755017139,
                2.7537836,
                -14.130123639,
                -14.48882385,
                8.503434018,
                -3.904023305,
                -9.058476148,
                9.753745746,
                11.575575759,
                6.500451618,
                6.267133145,
                -13.212395568,
                -7.405873519,
                -8.777203085,
                -11.351286613,
                -14.082555178,
                -14.498752075,
                -15.976729568,
                -19.652433759,
                -20.033401259,
                -0.587885977,
                -16.488749758,
                -10.664267822,
                14.663815637,
                4.698157746,
                -15.22233039,
                -12.820445093,
                -4.625415142,
                2.332040958,
                -18.184852765,
                -0.006736916,
                17.112806166,
                13.986987412,
                11.86642685,
                -15.69217816,
                -8.915950216,
                7.253304196,
                -5.566300828,
                -0.349216912,
                16.109207824,
                18.631935434,
                17.634570115,
                -3.038217034,
                0.364781822,
                -15.593363775,
                18.318160361,
                -16.678562433,
                4.554795309,
                -11.476402292,
                -19.263192781,
                6.678870058,
                -11.606388389,
                -13.001172296,
                -9.266741699,
                14.261835776,
                -5.773152052,
                -5.696519392,
                -17.183566455,
                -1.105927707,
                10.36898663,
                -13.32748555,
                0.836648818,
                -11.785109044,
                5.290600211,
                3.960460861,
                -0.434162544,
                5.640295845,
                15.613340429,
                -7.769446752,
                -3.307379505,
                15.704556187,
                13.863775456,
                5.086498364,
                1.115617049,
                -2.205235208,
                -10.434691164,
                8.441812152,
                -1.981445275,
                -4.305977487,
                -20.129549368,
                3.873410816,
                1.301733549,
                18.093525304,
                -14.219595575,
                11.973847687,
                -3.832642953,
                1.535514413,
                -5.78641458,
                3.399774335,
                -0.39222299,
                8.511171214,
                -5.012526949,
                4.400400388,
                11.501641429,
                -7.485049022,
                -6.455221677,
                -7.962021749,
                10.154172922,
                -19.407973822,
                -15.393827066,
                7.744635351,
                -2.210340211,
                -14.168103562,
                -4.068008255,
                -11.923470277,
                7.681356107,
                7.131810074,
                -10.902709464,
                -5.005908235,
                8.238140934,
                -12.669599717,
                -8.914998752,
                -16.06363774,
                -6.075558419,
                -13.833358383,
                15.878330198,
                5.744820502,
                -11.193829868,
                0.237576586,
                9.279459765,
                -13.499817926,
                6.915208932,
                -1.282372091,
                -17.950981225,
                -10.683253178,
                -18.346541091,
                9.955179139,
                4.000422024,
                -1.952185807,
                -16.185750641,
                18.579099032,
                3.797166261,
                -11.033031595,
                8.875272563,
                0.919904884,
                -0.700658805,
                10.196310399,
                -16.810402352,
                -5.919452339,
                10.19866788,
                11.044656322,
                -16.174131564,
                11.210525422,
                17.419504371,
                9.15170543,
                6.305547889,
                -9.06429947,
                12.206754809,
                -14.847727516,
                -19.222137275,
                -6.763331686,
                16.96633499,
                8.679424768,
                17.660680252,
                10.474175962,
                -9.328765,
                0.817055625,
                -16.870912078,
                2.35612622,
                -5.952198724,
                13.987462531,
                2.382018001,
                4.992149446,
                1.090304198,
                4.49976332,
                -10.034341191,
                13.501568172,
                -9.736047676,
                12.007939078,
                6.513481322,
                -0.904237493,
                8.594372882,
                -12.28109779,
                -2.311284981,
                -9.510573523,
                10.236708527,
                -3.695801275,
                9.6757111,
                5.218024543,
                3.400837178,
                -12.735715459,
                -1.612954903,
                5.828394126,
                7.863854854,
                -13.016139569,
                13.843618277,
                9.374195628,
                8.365648984,
                4.719890675,
                5.402935335,
                -18.14772835,
                -18.239608612,
                -14.657282299,
                -3.759505553,
                -7.576941307,
                4.152451899,
                4.227018471,
                10.627255284,
                7.505727382,
                11.918919625,
                14.176268108,
                -9.116240512,
                16.775669917,
                -19.806433507,
                -2.251768246,
                5.914181774,
                15.617043336,
                -18.623583572,
                19.042218184,
                12.694474089,
                11.143239906,
                13.730070047,
                -6.057832812,
                -9.285733603,
                19.283231279,
                -4.584891439,
                17.862936893,
                -7.683357919,
                10.580116791,
                -12.806167026,
                13.103006614,
                6.65271335,
                3.123324553,
                -17.596404287,
                2.342037119,
                -10.336548471
            ],
            [
                0.0,
                0.0,
                0.0,
                0.0,
                0.0,
                0.0,
                0.0,
                0.0,
                0.0,
                0.0,
                0.0,
                0.0,
                0.0,
                0.0,
                0.0,
                0.0,
                0.0,
                0.0,
                0.0,
                0.0,
                0.0,
                0.0,
                0.0,
                0.0,
                0.0,
                0.0,
                0.0,
                0.0,
                0.0,
                0.0,
                0.0,
                0.0,
                0.0,
                0.0,
                0.0,
                0.0,
                0.0,
                0.0,
                0.0,
                0.0,
                0.0,
                0.0,
                0.0,
                0.0,
                0.0,
                0.0,
                0.0,
                0.0,
                0.0,
                0.0,
                0.0,
                0.0,
                0.0,
                0.0,
                0.0,
                0.0,
                0.0,
                0.0,
                0.0,
                0.0,
                0.0,
                0.0,
                0.0,
                0.0,
                0.0,
                0.0,
                0.0,
                0.0,
                0.0,
                0.0,
                0.0,
                0.0,
                0.0,
                0.0,
                0.0,
                0.0,
                0.0,
                0.0,
                0.0,
                0.0,
                0.0,
                0.0,
                0.0,
                0.0,
                0.0,
                0.0,
                0.0,
                0.0,
                0.0,
                0.0,
                0.0,
                0.0,
                0.0,
                0.0,
                0.0,
                0.0,
                0.0,
                0.0,
                0.0,
                0.0,
                0.0,
                0.0,
                0.0,
                0.0,
                0.0,
                0.0,
                0.0,
                0.0,
                0.0,
                0.0,
                0.0,
                0.0,
                0.0,
                0.0,
                0.0,
                0.0,
                0.0,
                0.0,
                0.0,
                0.0,
                0.0,
                0.0,
                0.0,
                0.0,
                0.0,
                0.0,
                0.0,
                0.0,
                0.0,
                0.0,
                0.0,
                0.0,
                0.0,
                0.0,
                0.0,
                0.0,
                0.0,
                0.0,
                0.0,
                0.0,
                0.0,
                0.0,
                0.0,
                0.0,
                0.0,
                0.0,
                0.0,
                0.0,
                0.0,
                0.0,
                0.0,
                0.0,
                0.0,
                0.0,
                0.0,
                0.0,
                0.0,
                0.0,
                0.0,
                0.0,
                0.0,
                0.0,
                0.0,
                0.0,
                0.0,
                0.0,
                0.0,
                0.0,
                0.0,
                0.0,
                0.0,
                0.0,
                0.0,
                0.0,
                0.0,
                0.0,
                0.0,
                0.0,
                0.0,
                0.0,
                0.0,
                0.0,
                0.0,
                0.0,
                0.0,
                0.0,
                0.0,
                0.0,
                0.0,
                0.0,
                0.0,
                0.0,
                0.0,
                0.0,
                0.0,
                0.0,
                0.0,
                0.0,
                0.0,
                0.0,
                0.0,
                0.0,
                0.0,
                0.0,
                0.0,
                0.0,
                0.0,
                0.0,
                0.0,
                0.0,
                0.0,
                0.0,
                0.0,
                0.0,
                0.0,
                0.0,
                0.0,
                0.0,
                0.0,
                0.0,
                0.0,
                0.0,
                0.0,
                0.0,
                0.0,
                0.0,
                0.0,
                0.0,
                0.0,
                0.0,
                0.0,
                0.0,
                0.0,
                0.0,
                0.0,
                0.0,
                0.0,
                0.0,
                0.0,
                0.0,
                0.0,
                0.0,
                0.0,
                0.0,
                0.0,
                0.0,
                0.0,
                0.0,
                0.0,
                0.0,
                0.0,
                0.0,
                0.0,
                0.0,
                0.0,
                0.0,
                0.0,
                0.0,
                0.0,
                0.0,
                0.0,
                0.0,
                0.0,
                0.0,
                0.0,
                0.0,
                0.0,
                0.0,
                0.0,
                0.0,
                0.0,
                0.0,
                0.0,
                0.0,
                0.0,
                0.0,
                0.0,
                0.0,
                0.0,
                0.0,
                0.0,
                0.0,
                0.0,
                0.0,
                0.0,
                0.0,
                0.0,
                0.0,
                0.0,
                0.0,
                0.0,
                0.0,
                0.0,
                0.0,
                0.0,
                0.0,
                0.0,
                0.0,
                0.0,
                0.0,
                0.0,
                0.0,
                0.0,
                0.0,
                0.0,
                0.0,
                0.0,
                0.0,
                0.0,
                0.0,
                0.0,
                0.0,
                0.0,
                0.0,
                0.0,
                0.0,
                0.0,
                0.0,
                0.0,
                0.0,
                0.0,
                0.0,
                0.0,
                0.0,
                0.0,
                0.0,
                0.0,
                0.0,
                0.0,
                0.0,
                0.0,
                0.0,
                0.0,
                0.0,
                0.0,
                0.0,
                0.0,
                0.0,
                0.0,
                0.0,
                0.0,
                0.0,
                0.0,
                0.0,
                0.0,
                0.0,
                0.0,
                0.0,
                0.0,
                0.0,
                0.0,
                0.0,
                0.0,
                0.0,
                0.0,
                0.0,
                0.0,
                0.0,
                0.0,
                0.0,
                0.0,
                0.0,
                0.0,
                0.0,
                0.0,
                0.0,
                0.0,
                0.0,
                0.0,
                0.0
            ]
        ]
    },
    "destinations": {
        "coords": [
            [
                0.0
            ],
            [
                0.0
            ],
            [
                0.0
            ]
        ]
    },
    "obstacles": {
        "coords": [
            [],
            [],
            []
        ]
    }
}
